name,email,code,number
John Doe,john.doe@example.com,+91,9551234567
Jane Smith,jane.smith@example.com,+91,9559876543
Bob Brown,bob.brown@example.com,+91,9555678901
Alice Green,alice.green@example.com,+91,9554321098
Tom White,tom.white@example.com,+91,9558765432
Emma Black,emma.black@example.com,+91,9553216789
Liam Blue,liam.blue@example.com,+91,9556547890
Olivia Gray,olivia.gray@example.com,+91,9552345678
Noah Red,noah.red@example.com,+91,9557890123
Sophia Yellow,sophia.yellow@example.com,+91,9553456789
William Brown,william.brown@example.com,+91,9559012345
Ava Orange,ava.orange@example.com,+91,9556789012
James Pink,james.pink@example.com,+91,9554567890
Mia Purple,mia.purple@example.com,+91,9558901234
Benjamin Cyan,benjamin.cyan@example.com,+91,9555672345
Charlotte Gold,charlotte.gold@example.com,+91,9556785673
